[{"model": "admin.logentry", "pk": 1, "fields": {"action_time": "2023-09-06T04:36:04.589Z", "user": 1, "content_type": 7, "object_id": "1", "object_repr": "Бытовая техника", "action_flag": 1, "change_message": "[{\"added\": {}}]"}}, {"model": "admin.logentry", "pk": 2, "fields": {"action_time": "2023-09-06T04:36:36.542Z", "user": 1, "content_type": 7, "object_id": "2", "object_repr": "Встраиваемая техника", "action_flag": 1, "change_message": "[{\"added\": {}}]"}}, {"model": "admin.logentry", "pk": 3, "fields": {"action_time": "2023-09-06T05:18:48.485Z", "user": 1, "content_type": 10, "object_id": "8", "object_repr": "Электрическая варочная поверхность DEXP 4M2CTYL/B", "action_flag": 1, "change_message": "[{\"added\": {}}, {\"added\": {\"name\": \"product image\", \"object\": \"ProductImage object (1)\"}}, {\"added\": {\"name\": \"product specification\", \"object\": \"ProductSpecification object (1)\"}}]"}}, {"model": "admin.logentry", "pk": 4, "fields": {"action_time": "2023-09-06T05:19:23.139Z", "user": 1, "content_type": 10, "object_id": "8", "object_repr": "Электрическая варочная поверхность DEXP 4M2CTYL/B", "action_flag": 3, "change_message": ""}}, {"model": "admin.logentry", "pk": 5, "fields": {"action_time": "2023-09-06T05:31:27.064Z", "user": 1, "content_type": 10, "object_id": "9", "object_repr": "Электрическая варочная поверхность DEXP 4M2CTYL", "action_flag": 1, "change_message": "[{\"added\": {}}, {\"added\": {\"name\": \"product image\", \"object\": \"ProductImage object (2)\"}}, {\"added\": {\"name\": \"product image\", \"object\": \"ProductImage object (3)\"}}, {\"added\": {\"name\": \"product image\", \"object\": \"ProductImage object (4)\"}}, {\"added\": {\"name\": \"product image\", \"object\": \"ProductImage object (5)\"}}, {\"added\": {\"name\": \"product image\", \"object\": \"ProductImage object (6)\"}}, {\"added\": {\"name\": \"product image\", \"object\": \"ProductImage object (7)\"}}, {\"added\": {\"name\": \"product image\", \"object\": \"ProductImage object (8)\"}}, {\"added\": {\"name\": \"product image\", \"object\": \"ProductImage object (9)\"}}]"}}, {"model": "admin.logentry", "pk": 6, "fields": {"action_time": "2023-09-06T05:34:02.830Z", "user": 1, "content_type": 7, "object_id": "2", "object_repr": "Встраиваемая техника", "action_flag": 3, "change_message": ""}}, {"model": "admin.logentry", "pk": 7, "fields": {"action_time": "2023-09-06T05:34:02.835Z", "user": 1, "content_type": 7, "object_id": "1", "object_repr": "Бытовая техника", "action_flag": 3, "change_message": ""}}, {"model": "admin.logentry", "pk": 8, "fields": {"action_time": "2023-09-06T05:34:09.754Z", "user": 1, "content_type": 10, "object_id": "9", "object_repr": "Электрическая варочная поверхность DEXP 4M2CTYL", "action_flag": 3, "change_message": ""}}, {"model": "admin.logentry", "pk": 9, "fields": {"action_time": "2023-09-06T05:34:37.112Z", "user": 1, "content_type": 7, "object_id": "3", "object_repr": "Бытовая техника", "action_flag": 1, "change_message": "[{\"added\": {}}]"}}, {"model": "admin.logentry", "pk": 10, "fields": {"action_time": "2023-09-06T05:34:56.080Z", "user": 1, "content_type": 7, "object_id": "4", "object_repr": "Встраиваемая техника", "action_flag": 1, "change_message": "[{\"added\": {}}]"}}, {"model": "admin.logentry", "pk": 11, "fields": {"action_time": "2023-09-06T05:37:23.405Z", "user": 1, "content_type": 7, "object_id": "5", "object_repr": "Техника для кухни", "action_flag": 1, "change_message": "[{\"added\": {}}]"}}, {"model": "admin.logentry", "pk": 12, "fields": {"action_time": "2023-09-06T05:38:52.938Z", "user": 1, "content_type": 7, "object_id": "3", "object_repr": "Бытовая техника", "action_flag": 2, "change_message": "[{\"changed\": {\"fields\": [\"Image\"]}}]"}}, {"model": "admin.logentry", "pk": 13, "fields": {"action_time": "2023-09-06T05:39:03.610Z", "user": 1, "content_type": 7, "object_id": "4", "object_repr": "Встраиваемая техника", "action_flag": 2, "change_message": "[{\"changed\": {\"fields\": [\"Image\"]}}]"}}, {"model": "admin.logentry", "pk": 14, "fields": {"action_time": "2023-09-06T05:39:12.825Z", "user": 1, "content_type": 7, "object_id": "5", "object_repr": "Техника для кухни", "action_flag": 2, "change_message": "[{\"changed\": {\"fields\": [\"Image\"]}}]"}}, {"model": "admin.logentry", "pk": 15, "fields": {"action_time": "2023-09-06T05:39:54.299Z", "user": 1, "content_type": 7, "object_id": "6", "object_repr": "Техника для дома", "action_flag": 1, "change_message": "[{\"added\": {}}]"}}, {"model": "admin.logentry", "pk": 16, "fields": {"action_time": "2023-09-06T05:43:58.245Z", "user": 1, "content_type": 10, "object_id": "10", "object_repr": "Электрическая варочная поверхность DEXP 4M2CTYL", "action_flag": 1, "change_message": "[{\"added\": {}}, {\"added\": {\"name\": \"product image\", \"object\": \"ProductImage object (10)\"}}, {\"added\": {\"name\": \"product image\", \"object\": \"ProductImage object (11)\"}}, {\"added\": {\"name\": \"product image\", \"object\": \"ProductImage object (12)\"}}, {\"added\": {\"name\": \"product image\", \"object\": \"ProductImage object (13)\"}}, {\"added\": {\"name\": \"product image\", \"object\": \"ProductImage object (14)\"}}, {\"added\": {\"name\": \"product image\", \"object\": \"ProductImage object (15)\"}}, {\"added\": {\"name\": \"product image\", \"object\": \"ProductImage object (16)\"}}, {\"added\": {\"name\": \"product image\", \"object\": \"ProductImage object (17)\"}}]"}}, {"model": "admin.logentry", "pk": 17, "fields": {"action_time": "2023-09-06T06:17:04.659Z", "user": 1, "content_type": 10, "object_id": "10", "object_repr": "Электрическая варочная поверхность DEXP 4M2CTYL", "action_flag": 2, "change_message": "[{\"deleted\": {\"name\": \"product image\", \"object\": \"ProductImage object (None)\"}}, {\"deleted\": {\"name\": \"product image\", \"object\": \"ProductImage object (None)\"}}, {\"deleted\": {\"name\": \"product image\", \"object\": \"ProductImage object (None)\"}}, {\"deleted\": {\"name\": \"product image\", \"object\": \"ProductImage object (None)\"}}, {\"deleted\": {\"name\": \"product image\", \"object\": \"ProductImage object (None)\"}}, {\"deleted\": {\"name\": \"product image\", \"object\": \"ProductImage object (None)\"}}, {\"deleted\": {\"name\": \"product image\", \"object\": \"ProductImage object (None)\"}}, {\"deleted\": {\"name\": \"product image\", \"object\": \"ProductImage object (None)\"}}]"}}, {"model": "admin.logentry", "pk": 18, "fields": {"action_time": "2023-09-06T06:18:38.688Z", "user": 1, "content_type": 10, "object_id": "10", "object_repr": "Электрическая варочная поверхность DEXP 4M2CTYL", "action_flag": 2, "change_message": "[{\"added\": {\"name\": \"product image\", \"object\": \"ProductImage object (18)\"}}, {\"added\": {\"name\": \"product image\", \"object\": \"ProductImage object (19)\"}}, {\"added\": {\"name\": \"product image\", \"object\": \"ProductImage object (20)\"}}, {\"added\": {\"name\": \"product image\", \"object\": \"ProductImage object (21)\"}}, {\"added\": {\"name\": \"product image\", \"object\": \"ProductImage object (22)\"}}, {\"added\": {\"name\": \"product image\", \"object\": \"ProductImage object (23)\"}}, {\"added\": {\"name\": \"product image\", \"object\": \"ProductImage object (24)\"}}, {\"added\": {\"name\": \"product image\", \"object\": \"ProductImage object (25)\"}}]"}}, {"model": "admin.logentry", "pk": 19, "fields": {"action_time": "2023-09-06T06:28:21.404Z", "user": 1, "content_type": 10, "object_id": "10", "object_repr": "Электрическая варочная поверхность DEXP 4M2CTYL", "action_flag": 2, "change_message": "[{\"changed\": {\"fields\": [\"Free delivery\"]}}]"}}, {"model": "admin.logentry", "pk": 20, "fields": {"action_time": "2023-09-06T06:31:01.081Z", "user": 1, "content_type": 10, "object_id": "10", "object_repr": "Электрическая варочная поверхность DEXP 4M2CTYL", "action_flag": 2, "change_message": "[{\"added\": {\"name\": \"product specification\", \"object\": \"ProductSpecification object (2)\"}}, {\"added\": {\"name\": \"product specification\", \"object\": \"ProductSpecification object (3)\"}}]"}}, {"model": "admin.logentry", "pk": 21, "fields": {"action_time": "2023-09-06T06:31:30.022Z", "user": 1, "content_type": 11, "object_id": "1", "object_repr": "Электроника", "action_flag": 1, "change_message": "[{\"added\": {}}]"}}, {"model": "admin.logentry", "pk": 22, "fields": {"action_time": "2023-09-06T06:33:52.258Z", "user": 1, "content_type": 10, "object_id": "10", "object_repr": "Электрическая варочная поверхность DEXP 4M2CTYL", "action_flag": 2, "change_message": "[{\"added\": {\"name\": \"producttag-product relationship\", \"object\": \"ProductTag_product object (1)\"}}]"}}, {"model": "admin.logentry", "pk": 23, "fields": {"action_time": "2023-09-06T06:34:17.056Z", "user": 1, "content_type": 11, "object_id": "2", "object_repr": "Техника для кухни", "action_flag": 1, "change_message": "[{\"added\": {}}]"}}, {"model": "admin.logentry", "pk": 24, "fields": {"action_time": "2023-09-06T06:34:27.557Z", "user": 1, "content_type": 11, "object_id": "3", "object_repr": "Встраиваемая", "action_flag": 1, "change_message": "[{\"added\": {}}]"}}, {"model": "admin.logentry", "pk": 25, "fields": {"action_time": "2023-09-06T06:34:39.318Z", "user": 1, "content_type": 10, "object_id": "10", "object_repr": "Электрическая варочная поверхность DEXP 4M2CTYL", "action_flag": 2, "change_message": "[{\"added\": {\"name\": \"producttag-product relationship\", \"object\": \"ProductTag_product object (2)\"}}, {\"added\": {\"name\": \"producttag-product relationship\", \"object\": \"ProductTag_product object (3)\"}}]"}}, {"model": "admin.logentry", "pk": 26, "fields": {"action_time": "2023-09-06T07:09:28.739Z", "user": 1, "content_type": 10, "object_id": "11", "object_repr": "Электрический духовой шкаф Darina 1U 1707 S серебристый", "action_flag": 1, "change_message": "[{\"added\": {}}, {\"added\": {\"name\": \"product image\", \"object\": \"ProductImage object (26)\"}}, {\"added\": {\"name\": \"product image\", \"object\": \"ProductImage object (27)\"}}, {\"added\": {\"name\": \"product image\", \"object\": \"ProductImage object (28)\"}}, {\"added\": {\"name\": \"product image\", \"object\": \"ProductImage object (29)\"}}, {\"added\": {\"name\": \"product image\", \"object\": \"ProductImage object (30)\"}}, {\"added\": {\"name\": \"product image\", \"object\": \"ProductImage object (31)\"}}, {\"added\": {\"name\": \"product image\", \"object\": \"ProductImage object (32)\"}}, {\"added\": {\"name\": \"product image\", \"object\": \"ProductImage object (33)\"}}, {\"added\": {\"name\": \"producttag-product relationship\", \"object\": \"ProductTag_product object (4)\"}}, {\"added\": {\"name\": \"producttag-product relationship\", \"object\": \"ProductTag_product object (5)\"}}, {\"added\": {\"name\": \"producttag-product relationship\", \"object\": \"ProductTag_product object (6)\"}}]"}}, {"model": "admin.logentry", "pk": 27, "fields": {"action_time": "2023-09-06T07:13:36.400Z", "user": 1, "content_type": 10, "object_id": "10", "object_repr": "Электрическая варочная поверхность DEXP 4M2CTYL", "action_flag": 2, "change_message": "[{\"changed\": {\"fields\": [\"Count\"]}}]"}}, {"model": "admin.logentry", "pk": 28, "fields": {"action_time": "2023-09-06T07:13:53.310Z", "user": 1, "content_type": 10, "object_id": "10", "object_repr": "Электрическая варочная поверхность DEXP 4M2CTYL", "action_flag": 2, "change_message": "[{\"changed\": {\"fields\": [\"Count\"]}}]"}}, {"model": "admin.logentry", "pk": 29, "fields": {"action_time": "2023-09-12T03:54:39.781Z", "user": 1, "content_type": 10, "object_id": "12", "object_repr": "Холодильник компактный DEXP TF050D белый", "action_flag": 1, "change_message": "[{\"added\": {}}, {\"added\": {\"name\": \"product image\", \"object\": \"ProductImage object (34)\"}}, {\"added\": {\"name\": \"product image\", \"object\": \"ProductImage object (35)\"}}, {\"added\": {\"name\": \"product image\", \"object\": \"ProductImage object (36)\"}}, {\"added\": {\"name\": \"product image\", \"object\": \"ProductImage object (37)\"}}, {\"added\": {\"name\": \"product image\", \"object\": \"ProductImage object (38)\"}}, {\"added\": {\"name\": \"product image\", \"object\": \"ProductImage object (39)\"}}, {\"added\": {\"name\": \"product image\", \"object\": \"ProductImage object (40)\"}}, {\"added\": {\"name\": \"product image\", \"object\": \"ProductImage object (41)\"}}]"}}, {"model": "admin.logentry", "pk": 30, "fields": {"action_time": "2023-09-12T03:57:49.028Z", "user": 1, "content_type": 10, "object_id": "13", "object_repr": "Миксер Starwind SPM 5186 красный", "action_flag": 1, "change_message": "[{\"added\": {}}, {\"added\": {\"name\": \"product image\", \"object\": \"ProductImage object (42)\"}}, {\"added\": {\"name\": \"product image\", \"object\": \"ProductImage object (43)\"}}, {\"added\": {\"name\": \"product image\", \"object\": \"ProductImage object (44)\"}}, {\"added\": {\"name\": \"product image\", \"object\": \"ProductImage object (45)\"}}, {\"added\": {\"name\": \"product image\", \"object\": \"ProductImage object (46)\"}}, {\"added\": {\"name\": \"product image\", \"object\": \"ProductImage object (47)\"}}, {\"added\": {\"name\": \"product image\", \"object\": \"ProductImage object (48)\"}}, {\"added\": {\"name\": \"product image\", \"object\": \"ProductImage object (49)\"}}]"}}, {"model": "admin.logentry", "pk": 31, "fields": {"action_time": "2023-09-12T04:01:15.858Z", "user": 1, "content_type": 10, "object_id": "14", "object_repr": "Парогенератор Hyundai H-SS01225 черный", "action_flag": 1, "change_message": "[{\"added\": {}}, {\"added\": {\"name\": \"product image\", \"object\": \"ProductImage object (50)\"}}, {\"added\": {\"name\": \"product image\", \"object\": \"ProductImage object (51)\"}}, {\"added\": {\"name\": \"product image\", \"object\": \"ProductImage object (52)\"}}, {\"added\": {\"name\": \"product image\", \"object\": \"ProductImage object (53)\"}}, {\"added\": {\"name\": \"product image\", \"object\": \"ProductImage object (54)\"}}, {\"added\": {\"name\": \"product image\", \"object\": \"ProductImage object (55)\"}}, {\"added\": {\"name\": \"product image\", \"object\": \"ProductImage object (56)\"}}, {\"added\": {\"name\": \"product image\", \"object\": \"ProductImage object (57)\"}}]"}}, {"model": "admin.logentry", "pk": 32, "fields": {"action_time": "2023-09-12T04:03:56.794Z", "user": 1, "content_type": 10, "object_id": "15", "object_repr": "Робот-пылесос Redmond RV-R280 черный", "action_flag": 1, "change_message": "[{\"added\": {}}, {\"added\": {\"name\": \"product image\", \"object\": \"ProductImage object (58)\"}}, {\"added\": {\"name\": \"product image\", \"object\": \"ProductImage object (59)\"}}, {\"added\": {\"name\": \"product image\", \"object\": \"ProductImage object (60)\"}}, {\"added\": {\"name\": \"product image\", \"object\": \"ProductImage object (61)\"}}, {\"added\": {\"name\": \"product image\", \"object\": \"ProductImage object (62)\"}}, {\"added\": {\"name\": \"product image\", \"object\": \"ProductImage object (63)\"}}, {\"added\": {\"name\": \"product image\", \"object\": \"ProductImage object (64)\"}}, {\"added\": {\"name\": \"product image\", \"object\": \"ProductImage object (65)\"}}]"}}, {"model": "admin.logentry", "pk": 33, "fields": {"action_time": "2023-09-12T04:12:28.208Z", "user": 1, "content_type": 10, "object_id": "15", "object_repr": "Робот-пылесос Redmond RV-R280 черный", "action_flag": 2, "change_message": "[{\"changed\": {\"fields\": [\"Count\"]}}]"}}, {"model": "admin.logentry", "pk": 34, "fields": {"action_time": "2023-09-12T04:14:29.350Z", "user": 1, "content_type": 10, "object_id": "15", "object_repr": "Робот-пылесос Redmond RV-R280 черный", "action_flag": 2, "change_message": "[{\"changed\": {\"fields\": [\"Limited\"]}}]"}}, {"model": "admin.logentry", "pk": 35, "fields": {"action_time": "2023-09-12T04:14:48.379Z", "user": 1, "content_type": 10, "object_id": "14", "object_repr": "Парогенератор Hyundai H-SS01225 черный", "action_flag": 2, "change_message": "[{\"changed\": {\"fields\": [\"Limited\"]}}]"}}, {"model": "admin.logentry", "pk": 36, "fields": {"action_time": "2023-09-12T04:14:50.765Z", "user": 1, "content_type": 10, "object_id": "13", "object_repr": "Миксер Starwind SPM 5186 красный", "action_flag": 2, "change_message": "[{\"changed\": {\"fields\": [\"Limited\"]}}]"}}, {"model": "admin.logentry", "pk": 37, "fields": {"action_time": "2023-09-12T04:14:53.188Z", "user": 1, "content_type": 10, "object_id": "12", "object_repr": "Холодильник компактный DEXP TF050D белый", "action_flag": 2, "change_message": "[{\"changed\": {\"fields\": [\"Limited\"]}}]"}}, {"model": "admin.logentry", "pk": 38, "fields": {"action_time": "2023-09-12T04:14:55.863Z", "user": 1, "content_type": 10, "object_id": "11", "object_repr": "Электрический духовой шкаф Darina 1U 1707 S серебристый", "action_flag": 2, "change_message": "[{\"changed\": {\"fields\": [\"Limited\"]}}]"}}, {"model": "admin.logentry", "pk": 39, "fields": {"action_time": "2023-09-12T04:14:58.180Z", "user": 1, "content_type": 10, "object_id": "10", "object_repr": "Электрическая варочная поверхность DEXP 4M2CTYL", "action_flag": 2, "change_message": "[{\"changed\": {\"fields\": [\"Limited\"]}}]"}}, {"model": "admin.logentry", "pk": 40, "fields": {"action_time": "2023-09-12T04:35:34.237Z", "user": 1, "content_type": 10, "object_id": "16", "object_repr": "Какой-то товар не в наличии", "action_flag": 1, "change_message": "[{\"added\": {}}, {\"added\": {\"name\": \"product image\", \"object\": \"ProductImage object (66)\"}}]"}}, {"model": "auth.permission", "pk": 1, "fields": {"name": "Can add log entry", "content_type": 1, "codename": "add_logentry"}}, {"model": "auth.permission", "pk": 2, "fields": {"name": "Can change log entry", "content_type": 1, "codename": "change_logentry"}}, {"model": "auth.permission", "pk": 3, "fields": {"name": "Can delete log entry", "content_type": 1, "codename": "delete_logentry"}}, {"model": "auth.permission", "pk": 4, "fields": {"name": "Can view log entry", "content_type": 1, "codename": "view_logentry"}}, {"model": "auth.permission", "pk": 5, "fields": {"name": "Can add permission", "content_type": 2, "codename": "add_permission"}}, {"model": "auth.permission", "pk": 6, "fields": {"name": "Can change permission", "content_type": 2, "codename": "change_permission"}}, {"model": "auth.permission", "pk": 7, "fields": {"name": "Can delete permission", "content_type": 2, "codename": "delete_permission"}}, {"model": "auth.permission", "pk": 8, "fields": {"name": "Can view permission", "content_type": 2, "codename": "view_permission"}}, {"model": "auth.permission", "pk": 9, "fields": {"name": "Can add group", "content_type": 3, "codename": "add_group"}}, {"model": "auth.permission", "pk": 10, "fields": {"name": "Can change group", "content_type": 3, "codename": "change_group"}}, {"model": "auth.permission", "pk": 11, "fields": {"name": "Can delete group", "content_type": 3, "codename": "delete_group"}}, {"model": "auth.permission", "pk": 12, "fields": {"name": "Can view group", "content_type": 3, "codename": "view_group"}}, {"model": "auth.permission", "pk": 13, "fields": {"name": "Can add user", "content_type": 4, "codename": "add_user"}}, {"model": "auth.permission", "pk": 14, "fields": {"name": "Can change user", "content_type": 4, "codename": "change_user"}}, {"model": "auth.permission", "pk": 15, "fields": {"name": "Can delete user", "content_type": 4, "codename": "delete_user"}}, {"model": "auth.permission", "pk": 16, "fields": {"name": "Can view user", "content_type": 4, "codename": "view_user"}}, {"model": "auth.permission", "pk": 17, "fields": {"name": "Can add content type", "content_type": 5, "codename": "add_contenttype"}}, {"model": "auth.permission", "pk": 18, "fields": {"name": "Can change content type", "content_type": 5, "codename": "change_contenttype"}}, {"model": "auth.permission", "pk": 19, "fields": {"name": "Can delete content type", "content_type": 5, "codename": "delete_contenttype"}}, {"model": "auth.permission", "pk": 20, "fields": {"name": "Can view content type", "content_type": 5, "codename": "view_contenttype"}}, {"model": "auth.permission", "pk": 21, "fields": {"name": "Can add session", "content_type": 6, "codename": "add_session"}}, {"model": "auth.permission", "pk": 22, "fields": {"name": "Can change session", "content_type": 6, "codename": "change_session"}}, {"model": "auth.permission", "pk": 23, "fields": {"name": "Can delete session", "content_type": 6, "codename": "delete_session"}}, {"model": "auth.permission", "pk": 24, "fields": {"name": "Can view session", "content_type": 6, "codename": "view_session"}}, {"model": "auth.permission", "pk": 25, "fields": {"name": "Can add category", "content_type": 7, "codename": "add_category"}}, {"model": "auth.permission", "pk": 26, "fields": {"name": "Can change category", "content_type": 7, "codename": "change_category"}}, {"model": "auth.permission", "pk": 27, "fields": {"name": "Can delete category", "content_type": 7, "codename": "delete_category"}}, {"model": "auth.permission", "pk": 28, "fields": {"name": "Can view category", "content_type": 7, "codename": "view_category"}}, {"model": "auth.permission", "pk": 29, "fields": {"name": "Can add order", "content_type": 8, "codename": "add_order"}}, {"model": "auth.permission", "pk": 30, "fields": {"name": "Can change order", "content_type": 8, "codename": "change_order"}}, {"model": "auth.permission", "pk": 31, "fields": {"name": "Can delete order", "content_type": 8, "codename": "delete_order"}}, {"model": "auth.permission", "pk": 32, "fields": {"name": "Can view order", "content_type": 8, "codename": "view_order"}}, {"model": "auth.permission", "pk": 33, "fields": {"name": "Can add order product", "content_type": 9, "codename": "add_orderproduct"}}, {"model": "auth.permission", "pk": 34, "fields": {"name": "Can change order product", "content_type": 9, "codename": "change_orderproduct"}}, {"model": "auth.permission", "pk": 35, "fields": {"name": "Can delete order product", "content_type": 9, "codename": "delete_orderproduct"}}, {"model": "auth.permission", "pk": 36, "fields": {"name": "Can view order product", "content_type": 9, "codename": "view_orderproduct"}}, {"model": "auth.permission", "pk": 37, "fields": {"name": "Can add product", "content_type": 10, "codename": "add_product"}}, {"model": "auth.permission", "pk": 38, "fields": {"name": "Can change product", "content_type": 10, "codename": "change_product"}}, {"model": "auth.permission", "pk": 39, "fields": {"name": "Can delete product", "content_type": 10, "codename": "delete_product"}}, {"model": "auth.permission", "pk": 40, "fields": {"name": "Can view product", "content_type": 10, "codename": "view_product"}}, {"model": "auth.permission", "pk": 41, "fields": {"name": "Can add product tag", "content_type": 11, "codename": "add_producttag"}}, {"model": "auth.permission", "pk": 42, "fields": {"name": "Can change product tag", "content_type": 11, "codename": "change_producttag"}}, {"model": "auth.permission", "pk": 43, "fields": {"name": "Can delete product tag", "content_type": 11, "codename": "delete_producttag"}}, {"model": "auth.permission", "pk": 44, "fields": {"name": "Can view product tag", "content_type": 11, "codename": "view_producttag"}}, {"model": "auth.permission", "pk": 45, "fields": {"name": "Can add product specification", "content_type": 12, "codename": "add_productspecification"}}, {"model": "auth.permission", "pk": 46, "fields": {"name": "Can change product specification", "content_type": 12, "codename": "change_productspecification"}}, {"model": "auth.permission", "pk": 47, "fields": {"name": "Can delete product specification", "content_type": 12, "codename": "delete_productspecification"}}, {"model": "auth.permission", "pk": 48, "fields": {"name": "Can view product specification", "content_type": 12, "codename": "view_productspecification"}}, {"model": "auth.permission", "pk": 49, "fields": {"name": "Can add product review", "content_type": 13, "codename": "add_productreview"}}, {"model": "auth.permission", "pk": 50, "fields": {"name": "Can change product review", "content_type": 13, "codename": "change_productreview"}}, {"model": "auth.permission", "pk": 51, "fields": {"name": "Can delete product review", "content_type": 13, "codename": "delete_productreview"}}, {"model": "auth.permission", "pk": 52, "fields": {"name": "Can view product review", "content_type": 13, "codename": "view_productreview"}}, {"model": "auth.permission", "pk": 53, "fields": {"name": "Can add product image", "content_type": 14, "codename": "add_productimage"}}, {"model": "auth.permission", "pk": 54, "fields": {"name": "Can change product image", "content_type": 14, "codename": "change_productimage"}}, {"model": "auth.permission", "pk": 55, "fields": {"name": "Can delete product image", "content_type": 14, "codename": "delete_productimage"}}, {"model": "auth.permission", "pk": 56, "fields": {"name": "Can view product image", "content_type": 14, "codename": "view_productimage"}}, {"model": "auth.permission", "pk": 57, "fields": {"name": "Can add user profile", "content_type": 15, "codename": "add_userprofile"}}, {"model": "auth.permission", "pk": 58, "fields": {"name": "Can change user profile", "content_type": 15, "codename": "change_userprofile"}}, {"model": "auth.permission", "pk": 59, "fields": {"name": "Can delete user profile", "content_type": 15, "codename": "delete_userprofile"}}, {"model": "auth.permission", "pk": 60, "fields": {"name": "Can view user profile", "content_type": 15, "codename": "view_userprofile"}}, {"model": "auth.user", "pk": 1, "fields": {"password": "pbkdf2_sha256$600000$Z1nkW5LWu1dSEM2p3Me2X5$f5jBLT1Ip/fC0CKJ8/LwjlqmjJJOXrwiIXm6+Om7ohM=", "last_login": "2023-09-06T07:05:55.416Z", "is_superuser": true, "username": "admin", "first_name": "", "last_name": "", "email": "", "is_staff": true, "is_active": true, "date_joined": "2023-09-06T04:23:53.509Z", "groups": [], "user_permissions": []}}, {"model": "auth.user", "pk": 2, "fields": {"password": "pbkdf2_sha256$600000$1rJVUWkf1OKsQNHiJcvSgY$ggtXhHmOfoHO7WfVOIvmZizroIlj5H3/0yP0F/MdpyU=", "last_login": "2023-09-06T06:35:14.660Z", "is_superuser": false, "username": "Alex", "first_name": "", "last_name": "", "email": "", "is_staff": false, "is_active": true, "date_joined": "2023-09-06T06:35:14.428Z", "groups": [], "user_permissions": []}}, {"model": "contenttypes.contenttype", "pk": 1, "fields": {"app_label": "admin", "model": "logentry"}}, {"model": "contenttypes.contenttype", "pk": 2, "fields": {"app_label": "auth", "model": "permission"}}, {"model": "contenttypes.contenttype", "pk": 3, "fields": {"app_label": "auth", "model": "group"}}, {"model": "contenttypes.contenttype", "pk": 4, "fields": {"app_label": "auth", "model": "user"}}, {"model": "contenttypes.contenttype", "pk": 5, "fields": {"app_label": "contenttypes", "model": "contenttype"}}, {"model": "contenttypes.contenttype", "pk": 6, "fields": {"app_label": "sessions", "model": "session"}}, {"model": "contenttypes.contenttype", "pk": 7, "fields": {"app_label": "app_catalog", "model": "category"}}, {"model": "contenttypes.contenttype", "pk": 8, "fields": {"app_label": "app_order", "model": "order"}}, {"model": "contenttypes.contenttype", "pk": 9, "fields": {"app_label": "app_order", "model": "orderproduct"}}, {"model": "contenttypes.contenttype", "pk": 10, "fields": {"app_label": "app_product", "model": "product"}}, {"model": "contenttypes.contenttype", "pk": 11, "fields": {"app_label": "app_product", "model": "producttag"}}, {"model": "contenttypes.contenttype", "pk": 12, "fields": {"app_label": "app_product", "model": "productspecification"}}, {"model": "contenttypes.contenttype", "pk": 13, "fields": {"app_label": "app_product", "model": "productreview"}}, {"model": "contenttypes.contenttype", "pk": 14, "fields": {"app_label": "app_product", "model": "productimage"}}, {"model": "contenttypes.contenttype", "pk": 15, "fields": {"app_label": "app_user", "model": "userprofile"}}, {"model": "sessions.session", "pk": "8rkrxw35kho5q1n479ndrhp4deuuynmu", "fields": {"session_data": ".eJxVjDsKwzAQRO-iOghJrH4p0-cMYrVaR06CDJZdmdw9NrhIqoF5b2YTCdelprXznMYirkKLy2-XkV7cDlCe2B6TpKkt85jlociTdnmfCr9vp_t3ULHXfU0whKINKWUcaoesAHS03ufiAI0FYLOHDYO27EGRI-_ZRxeDU8WS-HwBxGw25w:1qdmbr:8ODDm0YBpRhRqmQAFNDS9pHhLqIBw3tbR-Z2iQyQqHY", "expire_date": "2023-09-20T07:05:55.421Z"}}, {"model": "app_catalog.category", "pk": 3, "fields": {"parent_category": null, "title": "Бытовая техника", "image": "categories/Bytovaja_tehnika/Bytovaja_tehnika.jpg"}}, {"model": "app_catalog.category", "pk": 4, "fields": {"parent_category": 3, "title": "Встраиваемая техника", "image": "categories/Bytovaja_tehnika/Vstraivaemaja_tehnika/Vstraivaemaja_tehnika.jpg"}}, {"model": "app_catalog.category", "pk": 5, "fields": {"parent_category": 3, "title": "Техника для кухни", "image": "categories/Bytovaja_tehnika/Tehnika_dlja_kuhni/Tehnika_dlja_kuhni.png"}}, {"model": "app_catalog.category", "pk": 6, "fields": {"parent_category": 3, "title": "Техника для дома", "image": "categories/Bytovaja_tehnika/Tehnika_dlja_doma/Tehnika_dlja_doma.png"}}, {"model": "app_order.order", "pk": 1, "fields": {"user": 2, "fullName": "Козлов Алексей", "email": "Grovi.wd@gmail.com", "phone": "+79149358695", "delivery_type": "express", "payment_type": "online", "status": "Accepted", "city": "Irkutsk", "address": "не дом и не улица", "created_at": "2023-09-06T06:39:02.656Z", "total_cost": "6899.00"}}, {"model": "app_order.order", "pk": 4, "fields": {"user": 2, "fullName": "Козлов Алексей", "email": "Grovi.wd@gmail.com", "phone": "+79149358695", "delivery_type": "ordinary", "payment_type": "someone", "status": "Accepted", "city": "Irkutsk", "address": "не дом и не улица", "created_at": "2023-09-06T07:00:55.740Z", "total_cost": "13798.00"}}, {"model": "app_order.orderproduct", "pk": 1, "fields": {"order": 1, "product": 10, "count": 1}}, {"model": "app_order.orderproduct", "pk": 2, "fields": {"order": 4, "product": 10, "count": 2}}, {"model": "app_product.product", "pk": 10, "fields": {"category": 4, "price": "6899.00", "count": 1, "date": "2023-09-06T05:43:58.233Z", "title": "Электрическая варочная поверхность DEXP 4M2CTYL", "description": "Электрическая варочная поверхность DEXP 4M2CTYL/B", "full_description": "Электрическая варочная поверхность DEXP 4M2CTYL/B отличается от прочих подобных устройств компактными размерами и наличием 2 конфорок для приготовления пищи. Это позволяет разместить ее даже на самой маленькой кухне. Устройство устанавливается автономно от духового шкафа. Оно состоит из стеклокерамической поверхности. Каждая конфорка оснащена индикатором остаточного тепла: это позволяет доводить блюдо до необходимой консистенции на выключенной плите. Регулировать мощность можно в пределах 9 уровней.\r\nОдна из конфорок является двухконтурной, это позволяет готовить на панели в кастрюлях и воках крупного диаметра. Минимальный диаметр посуды, которую можно использовать на плите, составляет 16.5 см. Для безопасности электрическая варочная поверхность DEXP 4M2CTYL/B оснащена таймером конфорок, функцией защитного отключения и кнопкой блокировки работы.", "free_delivery": true, "limited": true, "sale_price": null, "date_from": null, "date_to": null}}, {"model": "app_product.product", "pk": 11, "fields": {"category": 4, "price": "13399.00", "count": 5, "date": "2023-09-06T07:09:28.712Z", "title": "Электрический духовой шкаф Darina 1U 1707 S серебристый", "description": "Встраиваемый жарочный бытовой электрошкаф DARINA 1U 1707 S", "full_description": "Встраиваемый жарочный бытовой электрошкаф DARINA 1U 1707 S панель управления выполнена в серебристом цвете с поворотными ручками управления. Электрошкаф оснащен подсветкой духовки и электромеханическим таймером. Единовременно потребляемая мощность – 2000 Вт.\r\nОбъем духового шкафа – 50л. Духовой шкаф имеет 9 режимов работы, оборудован терморегулятором, конвектором и электрическим грилем. 4 пары штампованных направляющих позволяют разместить несколько противней одновременно. В комплекте с духовым шкафом прилагается решётка и эмалированный поддон.\r\nДверца духовки выполнена из двойного закалённого стекла, что позволяет контролировать нагрев поверхности, гарантируя безопасность эксплуатации.\r\nТехника DARINA поможет создать уютную и комфортную атмосферу в доме. Вы можете насладиться легкостью приготовления кулинарных блюд без лишних трат.", "free_delivery": false, "limited": true, "sale_price": null, "date_from": null, "date_to": null}}, {"model": "app_product.product", "pk": 12, "fields": {"category": 5, "price": "6999.00", "count": 2, "date": "2023-09-12T03:54:39.763Z", "title": "Холодильник компактный DEXP TF050D белый", "description": "Холодильник DEXP TF050D", "full_description": "Холодильник DEXP TF050D в белом корпусе является идеальной моделью для дачи, офиса или гостиничного номера. Объем холодильной камеры представленной модели составляет 43 литра. Он распределен на 2 больших полки из металла и небольшой морозильный ящик. В балконах дверцы можно хранить соки, сыры, молочные продукты длительного хранения в герметичных упаковках.\r\nМощность подключения устройства составляет 75 Вт. При этом холодильник DEXP TF050D принадлежит к экономичной группе энергопотребления А+. Габариты холодильника – 49.2x47.2x45 сантиметров, а его вес – 15 килограммов. Хладагентом выступает безопасный изобутан.", "free_delivery": false, "limited": true, "sale_price": null, "date_from": null, "date_to": null}}, {"model": "app_product.product", "pk": 13, "fields": {"category": 5, "price": "5199.00", "count": 4, "date": "2023-09-12T03:57:49.013Z", "title": "Миксер Starwind SPM 5186 красный", "description": "Миксер Starwind SPM5186", "full_description": "Миксер Starwind SPM5186 оформлен в ярком стиле и станет надежным помощником в кулинарии. Двигатель отличается высокой производительностью и стабильностью наряду с низким уровнем шума. Технология планетарного вращения обеспечивает качественные результаты смешивания и взбивания ингредиентов в однородную воздушную массу. С помощью плавного регулятора можно выбирать интенсивность вращения насадок из 6 доступных положений. В наборе поставляются стальная чаша емкостью 5.5 литров, венчик, крюк и лопатка для смешивания. Из других особенностей Starwind SPM5186 отмечаются технология защиты от перегрева и прорезиненные ножки.", "free_delivery": false, "limited": true, "sale_price": null, "date_from": null, "date_to": null}}, {"model": "app_product.product", "pk": 14, "fields": {"category": 6, "price": "4499.00", "count": 3, "date": "2023-09-12T04:01:15.844Z", "title": "Парогенератор Hyundai H-SS01225 черный", "description": "Парогенератор Hyundai H-SS01225", "full_description": "Парогенератор Hyundai H-SS01225 ‒ мощный и удобный прибор для бережного ухода за вещами. Он подходит для любых типов тканей, легко справляется с глубокими складками при постоянной подаче пара 80 г/мин. Благодаря функции парового удара вещи даже из плотных тканей обретают прилежный вид.\r\nHyundai H-SS01225 обладает мощностью 2200 Вт и использует керамическую подошву. Это позволяет прибору легко скользить по тканям, а пользователю не представится сложной очистка подошвы. В процессе глажения следует избегать контакта с металлическими элементами на одежде во избежание повреждения подошвы. Устройство состоит из двух частей ‒ утюга и самого парогенератора с резервуаром емкостью 1000 Вт.\r\nОсобенность модели в поддержке вертикального отпаривания, что позволяет освежить вещи на вешалке или шторы. Система индикаторов делает комфортной работу с парогенератором. Это индикаторы включения, готовности пара, низкого уровня воды. Подключается прибор к сети при помощи кабеля длиной 1.8 м.", "free_delivery": true, "limited": true, "sale_price": null, "date_from": null, "date_to": null}}, {"model": "app_product.product", "pk": 15, "fields": {"category": 6, "price": "7999.00", "count": 1, "date": "2023-09-12T04:03:56.781Z", "title": "Робот-пылесос Redmond RV-R280 черный", "description": "Робот-пылесос Redmond RV-R280", "full_description": "Робот-пылесос Redmond RV-R280 станет бессменным любимцем каждой хозяйки, ведь справится «на отлично» с любым поручением. Эффективная очистка ковровых или хрупких напольных покрытий? Или же проведение влажной уборки поверхностей? Теперь достаточно выбрать подходящую опцию, используя пульт ДУ.\r\nВнутри робота-пылесоса Redmond RV-R280 спрятаны оптические датчики, которые позволяют ему безошибочно ориентироваться в пространстве, с точностью определяя возникающие препятствия и резкие перепады высоты. С появлением этого прибора вы не будете терпеть неудобства, связанные с раздражающими посторонними звуками, ведь уровень шума не превышает показатель в 65 дБ. Подключение к зарядной станции потребуется лишь спустя 60 минут непрерывной эксплуатации устройства.", "free_delivery": false, "limited": true, "sale_price": null, "date_from": null, "date_to": null}}, {"model": "app_product.product", "pk": 16, "fields": {"category": 3, "price": "0.01", "count": 0, "date": "2023-09-12T04:35:34.226Z", "title": "Какой-то товар не в наличии", "description": "Какой-то товар не в наличии", "full_description": "Какой-то товар не в наличии", "free_delivery": false, "limited": false, "sale_price": null, "date_from": null, "date_to": null}}, {"model": "app_product.productimage", "pk": 18, "fields": {"product": 10, "src": "categories/Bytovaja_tehnika/Vstraivaemaja_tehnika/Elektricheskaja_varochnaja_poverhnost'_DEXP_4M2CTYL/images/1.webp", "alt": "alt text"}}, {"model": "app_product.productimage", "pk": 19, "fields": {"product": 10, "src": "categories/Bytovaja_tehnika/Vstraivaemaja_tehnika/Elektricheskaja_varochnaja_poverhnost'_DEXP_4M2CTYL/images/2.webp", "alt": "alt text"}}, {"model": "app_product.productimage", "pk": 20, "fields": {"product": 10, "src": "categories/Bytovaja_tehnika/Vstraivaemaja_tehnika/Elektricheskaja_varochnaja_poverhnost'_DEXP_4M2CTYL/images/3.webp", "alt": "alt text"}}, {"model": "app_product.productimage", "pk": 21, "fields": {"product": 10, "src": "categories/Bytovaja_tehnika/Vstraivaemaja_tehnika/Elektricheskaja_varochnaja_poverhnost'_DEXP_4M2CTYL/images/4.webp", "alt": "alt text"}}, {"model": "app_product.productimage", "pk": 22, "fields": {"product": 10, "src": "categories/Bytovaja_tehnika/Vstraivaemaja_tehnika/Elektricheskaja_varochnaja_poverhnost'_DEXP_4M2CTYL/images/5.webp", "alt": "alt text"}}, {"model": "app_product.productimage", "pk": 23, "fields": {"product": 10, "src": "categories/Bytovaja_tehnika/Vstraivaemaja_tehnika/Elektricheskaja_varochnaja_poverhnost'_DEXP_4M2CTYL/images/6.webp", "alt": "alt text"}}, {"model": "app_product.productimage", "pk": 24, "fields": {"product": 10, "src": "categories/Bytovaja_tehnika/Vstraivaemaja_tehnika/Elektricheskaja_varochnaja_poverhnost'_DEXP_4M2CTYL/images/7.webp", "alt": "alt text"}}, {"model": "app_product.productimage", "pk": 25, "fields": {"product": 10, "src": "categories/Bytovaja_tehnika/Vstraivaemaja_tehnika/Elektricheskaja_varochnaja_poverhnost'_DEXP_4M2CTYL/images/8.webp", "alt": "alt text"}}, {"model": "app_product.productimage", "pk": 26, "fields": {"product": 11, "src": "categories/Bytovaja_tehnika/Vstraivaemaja_tehnika/Elektricheskij_duhovoj_shkaf_Darina_1U_1707_S_serebristyj/images/1.webp", "alt": "alt text"}}, {"model": "app_product.productimage", "pk": 27, "fields": {"product": 11, "src": "categories/Bytovaja_tehnika/Vstraivaemaja_tehnika/Elektricheskij_duhovoj_shkaf_Darina_1U_1707_S_serebristyj/images/2.webp", "alt": "alt text"}}, {"model": "app_product.productimage", "pk": 28, "fields": {"product": 11, "src": "categories/Bytovaja_tehnika/Vstraivaemaja_tehnika/Elektricheskij_duhovoj_shkaf_Darina_1U_1707_S_serebristyj/images/3.webp", "alt": "alt text"}}, {"model": "app_product.productimage", "pk": 29, "fields": {"product": 11, "src": "categories/Bytovaja_tehnika/Vstraivaemaja_tehnika/Elektricheskij_duhovoj_shkaf_Darina_1U_1707_S_serebristyj/images/4.webp", "alt": "alt text"}}, {"model": "app_product.productimage", "pk": 30, "fields": {"product": 11, "src": "categories/Bytovaja_tehnika/Vstraivaemaja_tehnika/Elektricheskij_duhovoj_shkaf_Darina_1U_1707_S_serebristyj/images/5.webp", "alt": "alt text"}}, {"model": "app_product.productimage", "pk": 31, "fields": {"product": 11, "src": "categories/Bytovaja_tehnika/Vstraivaemaja_tehnika/Elektricheskij_duhovoj_shkaf_Darina_1U_1707_S_serebristyj/images/6.webp", "alt": "alt text"}}, {"model": "app_product.productimage", "pk": 32, "fields": {"product": 11, "src": "categories/Bytovaja_tehnika/Vstraivaemaja_tehnika/Elektricheskij_duhovoj_shkaf_Darina_1U_1707_S_serebristyj/images/7.webp", "alt": "alt text"}}, {"model": "app_product.productimage", "pk": 33, "fields": {"product": 11, "src": "categories/Bytovaja_tehnika/Vstraivaemaja_tehnika/Elektricheskij_duhovoj_shkaf_Darina_1U_1707_S_serebristyj/images/8.webp", "alt": "alt text"}}, {"model": "app_product.productimage", "pk": 34, "fields": {"product": 12, "src": "categories/Bytovaja_tehnika/Tehnika_dlja_kuhni/Holodil'nik_kompaktnyj_DEXP_TF050D_belyj/images/1.webp", "alt": "alt text"}}, {"model": "app_product.productimage", "pk": 35, "fields": {"product": 12, "src": "categories/Bytovaja_tehnika/Tehnika_dlja_kuhni/Holodil'nik_kompaktnyj_DEXP_TF050D_belyj/images/2.webp", "alt": "alt text"}}, {"model": "app_product.productimage", "pk": 36, "fields": {"product": 12, "src": "categories/Bytovaja_tehnika/Tehnika_dlja_kuhni/Holodil'nik_kompaktnyj_DEXP_TF050D_belyj/images/3.webp", "alt": "alt text"}}, {"model": "app_product.productimage", "pk": 37, "fields": {"product": 12, "src": "categories/Bytovaja_tehnika/Tehnika_dlja_kuhni/Holodil'nik_kompaktnyj_DEXP_TF050D_belyj/images/4.webp", "alt": "alt text"}}, {"model": "app_product.productimage", "pk": 38, "fields": {"product": 12, "src": "categories/Bytovaja_tehnika/Tehnika_dlja_kuhni/Holodil'nik_kompaktnyj_DEXP_TF050D_belyj/images/5.webp", "alt": "alt text"}}, {"model": "app_product.productimage", "pk": 39, "fields": {"product": 12, "src": "categories/Bytovaja_tehnika/Tehnika_dlja_kuhni/Holodil'nik_kompaktnyj_DEXP_TF050D_belyj/images/6.webp", "alt": "alt text"}}, {"model": "app_product.productimage", "pk": 40, "fields": {"product": 12, "src": "categories/Bytovaja_tehnika/Tehnika_dlja_kuhni/Holodil'nik_kompaktnyj_DEXP_TF050D_belyj/images/7.webp", "alt": "alt text"}}, {"model": "app_product.productimage", "pk": 41, "fields": {"product": 12, "src": "categories/Bytovaja_tehnika/Tehnika_dlja_kuhni/Holodil'nik_kompaktnyj_DEXP_TF050D_belyj/images/8.webp", "alt": "alt text"}}, {"model": "app_product.productimage", "pk": 42, "fields": {"product": 13, "src": "categories/Bytovaja_tehnika/Tehnika_dlja_kuhni/Mikser_Starwind_SPM_5186_krasnyj/images/1.webp", "alt": "alt text"}}, {"model": "app_product.productimage", "pk": 43, "fields": {"product": 13, "src": "categories/Bytovaja_tehnika/Tehnika_dlja_kuhni/Mikser_Starwind_SPM_5186_krasnyj/images/2.webp", "alt": "alt text"}}, {"model": "app_product.productimage", "pk": 44, "fields": {"product": 13, "src": "categories/Bytovaja_tehnika/Tehnika_dlja_kuhni/Mikser_Starwind_SPM_5186_krasnyj/images/3.webp", "alt": "alt text"}}, {"model": "app_product.productimage", "pk": 45, "fields": {"product": 13, "src": "categories/Bytovaja_tehnika/Tehnika_dlja_kuhni/Mikser_Starwind_SPM_5186_krasnyj/images/4.webp", "alt": "alt text"}}, {"model": "app_product.productimage", "pk": 46, "fields": {"product": 13, "src": "categories/Bytovaja_tehnika/Tehnika_dlja_kuhni/Mikser_Starwind_SPM_5186_krasnyj/images/5.webp", "alt": "alt text"}}, {"model": "app_product.productimage", "pk": 47, "fields": {"product": 13, "src": "categories/Bytovaja_tehnika/Tehnika_dlja_kuhni/Mikser_Starwind_SPM_5186_krasnyj/images/6.webp", "alt": "alt text"}}, {"model": "app_product.productimage", "pk": 48, "fields": {"product": 13, "src": "categories/Bytovaja_tehnika/Tehnika_dlja_kuhni/Mikser_Starwind_SPM_5186_krasnyj/images/7.webp", "alt": "alt text"}}, {"model": "app_product.productimage", "pk": 49, "fields": {"product": 13, "src": "categories/Bytovaja_tehnika/Tehnika_dlja_kuhni/Mikser_Starwind_SPM_5186_krasnyj/images/8.webp", "alt": "alt text"}}, {"model": "app_product.productimage", "pk": 50, "fields": {"product": 14, "src": "categories/Bytovaja_tehnika/Tehnika_dlja_doma/Parogenerator_Hyundai_H-SS01225_chernyj/images/1.webp", "alt": "alt text"}}, {"model": "app_product.productimage", "pk": 51, "fields": {"product": 14, "src": "categories/Bytovaja_tehnika/Tehnika_dlja_doma/Parogenerator_Hyundai_H-SS01225_chernyj/images/2.webp", "alt": "alt text"}}, {"model": "app_product.productimage", "pk": 52, "fields": {"product": 14, "src": "categories/Bytovaja_tehnika/Tehnika_dlja_doma/Parogenerator_Hyundai_H-SS01225_chernyj/images/3.webp", "alt": "alt text"}}, {"model": "app_product.productimage", "pk": 53, "fields": {"product": 14, "src": "categories/Bytovaja_tehnika/Tehnika_dlja_doma/Parogenerator_Hyundai_H-SS01225_chernyj/images/4.webp", "alt": "alt text"}}, {"model": "app_product.productimage", "pk": 54, "fields": {"product": 14, "src": "categories/Bytovaja_tehnika/Tehnika_dlja_doma/Parogenerator_Hyundai_H-SS01225_chernyj/images/5.webp", "alt": "alt text"}}, {"model": "app_product.productimage", "pk": 55, "fields": {"product": 14, "src": "categories/Bytovaja_tehnika/Tehnika_dlja_doma/Parogenerator_Hyundai_H-SS01225_chernyj/images/6.webp", "alt": "alt text"}}, {"model": "app_product.productimage", "pk": 56, "fields": {"product": 14, "src": "categories/Bytovaja_tehnika/Tehnika_dlja_doma/Parogenerator_Hyundai_H-SS01225_chernyj/images/7.webp", "alt": "alt text"}}, {"model": "app_product.productimage", "pk": 57, "fields": {"product": 14, "src": "categories/Bytovaja_tehnika/Tehnika_dlja_doma/Parogenerator_Hyundai_H-SS01225_chernyj/images/8.webp", "alt": "alt text"}}, {"model": "app_product.productimage", "pk": 58, "fields": {"product": 15, "src": "categories/Bytovaja_tehnika/Tehnika_dlja_doma/Robot-pylesos_Redmond_RV-R280_chernyj/images/1.webp", "alt": "alt text"}}, {"model": "app_product.productimage", "pk": 59, "fields": {"product": 15, "src": "categories/Bytovaja_tehnika/Tehnika_dlja_doma/Robot-pylesos_Redmond_RV-R280_chernyj/images/2.webp", "alt": "alt text"}}, {"model": "app_product.productimage", "pk": 60, "fields": {"product": 15, "src": "categories/Bytovaja_tehnika/Tehnika_dlja_doma/Robot-pylesos_Redmond_RV-R280_chernyj/images/3.webp", "alt": "alt text"}}, {"model": "app_product.productimage", "pk": 61, "fields": {"product": 15, "src": "categories/Bytovaja_tehnika/Tehnika_dlja_doma/Robot-pylesos_Redmond_RV-R280_chernyj/images/4.webp", "alt": "alt text"}}, {"model": "app_product.productimage", "pk": 62, "fields": {"product": 15, "src": "categories/Bytovaja_tehnika/Tehnika_dlja_doma/Robot-pylesos_Redmond_RV-R280_chernyj/images/5.webp", "alt": "alt text"}}, {"model": "app_product.productimage", "pk": 63, "fields": {"product": 15, "src": "categories/Bytovaja_tehnika/Tehnika_dlja_doma/Robot-pylesos_Redmond_RV-R280_chernyj/images/6.webp", "alt": "alt text"}}, {"model": "app_product.productimage", "pk": 64, "fields": {"product": 15, "src": "categories/Bytovaja_tehnika/Tehnika_dlja_doma/Robot-pylesos_Redmond_RV-R280_chernyj/images/7.webp", "alt": "alt text"}}, {"model": "app_product.productimage", "pk": 65, "fields": {"product": 15, "src": "categories/Bytovaja_tehnika/Tehnika_dlja_doma/Robot-pylesos_Redmond_RV-R280_chernyj/images/8.webp", "alt": "alt text"}}, {"model": "app_product.productimage", "pk": 66, "fields": {"product": 16, "src": "categories/Bytovaja_tehnika/Kakoj-to_tovar_ne_v_nalichii/images/1.webp", "alt": "alt text"}}, {"model": "app_product.productreview", "pk": 1, "fields": {"product": 10, "author": "Алексей Козлов", "email": "Grovi.wd@gmail.com", "text": "Мой первый отзыв", "rate": 5, "date": "2023-09-06T06:30:12.685Z"}}, {"model": "app_product.productreview", "pk": 2, "fields": {"product": 15, "author": "Alex", "email": "Grovi.wd@gmail.com", "text": "Какой-то робот пылесос", "rate": 5, "date": "2023-09-12T04:20:43.947Z"}}, {"model": "app_product.productreview", "pk": 3, "fields": {"product": 15, "author": "Alex", "email": "Grovi.wd@gmail.com", "text": "Какой-то робот пылесос", "rate": 5, "date": "2023-09-12T04:20:58.319Z"}}, {"model": "app_product.productreview", "pk": 4, "fields": {"product": 15, "author": "Alex", "email": "Grovi.wd@gmail.com", "text": "Какой-то робот пылесос", "rate": 5, "date": "2023-09-12T04:21:04.454Z"}}, {"model": "app_product.productreview", "pk": 5, "fields": {"product": 15, "author": "Alex", "email": "Grovi.wd@gmail.com", "text": "Какой-то робот пылесос", "rate": 4, "date": "2023-09-12T04:21:12.268Z"}}, {"model": "app_product.productreview", "pk": 6, "fields": {"product": 15, "author": "Alex", "email": "Grovi.wd@gmail.com", "text": "Какой-то робот пылесос", "rate": 4, "date": "2023-09-12T04:21:24.733Z"}}, {"model": "app_product.productreview", "pk": 7, "fields": {"product": 15, "author": "Alex", "email": "Grovi.wd@gmail.com", "text": "Какой-то робот пылесос", "rate": 5, "date": "2023-09-12T04:21:43.122Z"}}, {"model": "app_product.productreview", "pk": 8, "fields": {"product": 15, "author": "Alex", "email": "Grovi.wd@gmail.com", "text": "date = serializers.DateTimeField(format='%Y-%m-%d %H:%M', read_only=True)", "rate": 5, "date": "2023-09-12T04:27:48.331Z"}}, {"model": "app_product.productreview", "pk": 9, "fields": {"product": 15, "author": "Alex", "email": "Grovi.wd@gmail.com", "text": "Проверка", "rate": 4, "date": "2023-09-12T04:28:13.647Z"}}, {"model": "app_product.productspecification", "pk": 2, "fields": {"product": 10, "name": "Гарантия продавца", "value": "12 мес."}}, {"model": "app_product.productspecification", "pk": 3, "fields": {"product": 10, "name": "Страна-производитель", "value": "Китай"}}, {"model": "app_product.producttag", "pk": 1, "fields": {"name": "Электроника", "product": [10, 11]}}, {"model": "app_product.producttag", "pk": 2, "fields": {"name": "Техника для кухни", "product": [10, 11]}}, {"model": "app_product.producttag", "pk": 3, "fields": {"name": "Встраиваемая", "product": [10, 11]}}, {"model": "app_user.userprofile", "pk": 1, "fields": {"user": 2, "fullName": "Козлов Алексей", "email": "Grovi.wd@gmail.com", "phone": "+79149358695", "avatar": "users/Alex/avatar/Alex_avatar.jpeg"}}]